<?xml version="1.0" encoding="UTF-8"?>
<project-private xmlns="http://www.netbeans.org/ns/project-private/1">
    <editor-bookmarks xmlns="http://www.netbeans.org/ns/editor-bookmarks/2" lastBookmarkId="0"/>
    <open-files xmlns="http://www.netbeans.org/ns/projectui-open-files/2">
        <group>
            <file>file:/E:/mlm/app/views/admin/articles/create.blade.php</file>
            <file>file:/E:/mlm/app/views/usersecurity.blade.php</file>
            <file>file:/E:/mlm/app/controllers/routes.php</file>
            <file>file:/E:/mlm/app/views/shop.blade.php</file>
            <file>file:/E:/mlm/app/routes.php</file>
            <file>file:/E:/mlm/app/controllers/ShopController.php</file>
            <file>file:/E:/mlm/app/views/userupgrade.blade.php</file>
            <file>file:/E:/mlm/app/views/template/mlm/layout2.blade.php</file>
            <file>file:/E:/mlm/app/controllers/SessionsController.php</file>
            <file>file:/E:/mlm/app/views/usermain.blade.php</file>
            <file>file:/E:/mlm/app/views/template/mlm/layout1.blade.php</file>
            <file>file:/E:/mlm/app/views/register.blade.php</file>
            <file>file:/E:/mlm/app/views/sessions/create.blade.php</file>
            <file>file:/E:/mlm/app/views/userprofile.blade.php</file>
        </group>
    </open-files>
</project-private>
